Borough,ZipCode
Bronx,10453
Bronx,10457
Bronx,10460
Bronx,10458
Bronx,10467
Bronx,10468
Bronx,10451
Bronx,10452
Bronx,10456
Bronx,10454
Bronx,10455
Bronx,10459
Bronx,10474
Bronx,10463
Bronx,10471
Bronx,10466
Bronx,10469
Bronx,10470
Bronx,10475
Bronx,10461
Bronx,10462
Bronx,10464
Bronx,10465
Bronx,10472
Bronx,10473
Bronx,10476
Bronx,10477
Bronx,10478
Bronx,10479
Bronx,10480
Bronx,10481
Bronx,10482
Bronx,10483
Bronx,10484
Bronx,10485
Bronx,10486
Bronx,10487
Bronx,10488
Bronx,10489
Bronx,10490
Bronx,10491
Bronx,10492
Bronx,10493
Bronx,10494
Bronx,10495
Bronx,10496
Bronx,10497
Bronx,10498
Bronx,10499
Brooklyn,11212
Brooklyn,11213
Brooklyn,11216
Brooklyn,11233
Brooklyn,11238
Brooklyn,11209
Brooklyn,11214
Brooklyn,11228
Brooklyn,11204
Brooklyn,11218
Brooklyn,11219
Brooklyn,11230
Brooklyn,11234
Brooklyn,11236
Brooklyn,11239
Brooklyn,11223
Brooklyn,11224
Brooklyn,11229
Brooklyn,11235
Brooklyn,11201
Brooklyn,11205
Brooklyn,11215
Brooklyn,11217
Brooklyn,11231
Brooklyn,11203
Brooklyn,11210
Brooklyn,11225
Brooklyn,11226
Brooklyn,11207
Brooklyn,11208
Brooklyn,11211
Brooklyn,11222
Brooklyn,11220
Brooklyn,11232
Brooklyn,11206
Brooklyn,11221
Brooklyn,11237
Brooklyn,11240
Brooklyn,11241
Brooklyn,11242
Brooklyn,11243
Brooklyn,11244
Brooklyn,11245
Brooklyn,11246
Brooklyn,11247
Brooklyn,11248
Brooklyn,11249
Brooklyn,11250
Brooklyn,11251
Brooklyn,11252
Brooklyn,11253
Brooklyn,11254
Brooklyn,11255
Brooklyn,11256
Manhattan,10026
Manhattan,10027
Manhattan,10030
Manhattan,10037
Manhattan,10039
Manhattan,10001
Manhattan,10011
Manhattan,10018
Manhattan,10019
Manhattan,10020
Manhattan,10036
Manhattan,10029
Manhattan,10035
Manhattan,10010
Manhattan,10016
Manhattan,10017
Manhattan,10022
Manhattan,10012
Manhattan,10013
Manhattan,10014
Manhattan,10004
Manhattan,10005
Manhattan,10006
Manhattan,10007
Manhattan,10038
Manhattan,10280
Manhattan,10002
Manhattan,10003
Manhattan,10009
Manhattan,10021
Manhattan,10028
Manhattan,10044
Manhattan,10065
Manhattan,10075
Manhattan,10128
Manhattan,10023
Manhattan,10024
Manhattan,10025
Manhattan,10031
Manhattan,10032
Manhattan,10033
Manhattan,10034
Manhattan,10040
Manhattan,10008
Manhattan,10015
Manhattan,10041
Manhattan,10043
Manhattan,10045
Manhattan,10048
Manhattan,10055
Manhattan,10060
Manhattan,10069
Manhattan,10070
Manhattan,10079
Manhattan,10080
Manhattan,10081
Manhattan,10087
Manhattan,10090
Manhattan,10101
Manhattan,10102
Manhattan,10103
Manhattan,10104
Manhattan,10105
Manhattan,10106
Manhattan,10107
Manhattan,10108
Manhattan,10109
Manhattan,10110
Manhattan,10111
Manhattan,10112
Manhattan,10113
Manhattan,10114
Manhattan,10115
Manhattan,10116
Manhattan,10117
Manhattan,10118
Manhattan,10119
Manhattan,10120
Manhattan,10121
Manhattan,10122
Manhattan,10123
Manhattan,10124
Manhattan,10125
Manhattan,10126
Manhattan,10127
Manhattan,10129
Manhattan,10130
Manhattan,10131
Manhattan,10132
Manhattan,10133
Manhattan,10134
Manhattan,10135
Manhattan,10136
Manhattan,10137
Manhattan,10138
Manhattan,10139
Manhattan,10140
Manhattan,10141
Manhattan,10142
Manhattan,10143
Manhattan,10144
Manhattan,10145
Manhattan,10146
Manhattan,10147
Manhattan,10148
Manhattan,10149
Manhattan,10150
Manhattan,10151
Manhattan,10152
Manhattan,10153
Manhattan,10154
Manhattan,10155
Manhattan,10156
Manhattan,10157
Manhattan,10158
Manhattan,10159
Manhattan,10160
Manhattan,10161
Manhattan,10162
Manhattan,10163
Manhattan,10164
Manhattan,10165
Manhattan,10166
Manhattan,10167
Manhattan,10168
Manhattan,10169
Manhattan,10170
Manhattan,10171
Manhattan,10172
Manhattan,10173
Manhattan,10174
Manhattan,10175
Manhattan,10176
Manhattan,10177
Manhattan,10178
Manhattan,10179
Manhattan,10180
Manhattan,10181
Manhattan,10182
Manhattan,10183
Manhattan,10184
Manhattan,10185
Manhattan,10186
Manhattan,10187
Manhattan,10188
Manhattan,10189
Manhattan,10190
Manhattan,10191
Manhattan,10192
Manhattan,10193
Manhattan,10194
Manhattan,10195
Manhattan,10196
Manhattan,10197
Manhattan,10198
Manhattan,10199
Manhattan,10203
Manhattan,10211
Manhattan,10212
Manhattan,10213
Manhattan,10242
Manhattan,10249
Manhattan,10256
Manhattan,10257
Manhattan,10258
Manhattan,10259
Manhattan,10260
Manhattan,10261
Manhattan,10265
Manhattan,10268
Manhattan,10269
Manhattan,10270
Manhattan,10271
Manhattan,10272
Manhattan,10273
Manhattan,10274
Manhattan,10275
Manhattan,10276
Manhattan,10277
Manhattan,10278
Manhattan,10279
Manhattan,10281
Manhattan,10282
Queens,11361
Queens,11362
Queens,11363
Queens,11364
Queens,11354
Queens,11355
Queens,11356
Queens,11357
Queens,11358
Queens,11359
Queens,11360
Queens,11365
Queens,11366
Queens,11367
Queens,11412
Queens,11423
Queens,11432
Queens,11433
Queens,11434
Queens,11435
Queens,11436
Queens,11101
Queens,11102
Queens,11103
Queens,11104
Queens,11105
Queens,11106
Queens,11374
Queens,11375
Queens,11379
Queens,11385
Queens,11691
Queens,11692
Queens,11693
Queens,11694
Queens,11695
Queens,11697
Queens,11004
Queens,11005
Queens,11411
Queens,11413
Queens,11422
Queens,11426
Queens,11427
Queens,11428
Queens,11429
Queens,11414
Queens,11415
Queens,11416
Queens,11417
Queens,11418
Queens,11419
Queens,11420
Queens,11421
Queens,11368
Queens,11369
Queens,11370
Queens,11372
Queens,11373
Queens,11377
Queens,11378
Queens,11001
Queens,11002
Queens,11003
Queens,11006
Queens,11007
Queens,11008
Queens,11009
Queens,11010
Queens,11011
Queens,11012
Queens,11013
Queens,11014
Queens,11015
Queens,11016
Queens,11017
Queens,11018
Queens,11019
Queens,11020
Queens,11021
Queens,11022
Queens,11023
Queens,11024
Queens,11025
Queens,11026
Queens,11027
Queens,11028
Queens,11029
Queens,11030
Queens,11031
Queens,11032
Queens,11033
Queens,11034
Queens,11035
Queens,11036
Queens,11037
Queens,11038
Queens,11039
Queens,11040
Queens,11041
Queens,11042
Queens,11043
Queens,11044
Queens,11045
Queens,11046
Queens,11047
Queens,11048
Queens,11049
Queens,11050
Queens,11051
Queens,11052
Queens,11053
Queens,11054
Queens,11055
Queens,11056
Queens,11057
Queens,11058
Queens,11059
Queens,11060
Queens,11061
Queens,11062
Queens,11063
Queens,11064
Queens,11065
Queens,11066
Queens,11067
Queens,11068
Queens,11069
Queens,11070
Queens,11071
Queens,11072
Queens,11073
Queens,11074
Queens,11075
Queens,11076
Queens,11077
Queens,11078
Queens,11079
Queens,11080
Queens,11081
Queens,11082
Queens,11083
Queens,11084
Queens,11085
Queens,11086
Queens,11087
Queens,11088
Queens,11089
Queens,11090
Queens,11091
Queens,11092
Queens,11093
Queens,11094
Queens,11095
Queens,11096
Queens,11097
Queens,11098
Queens,11099
Queens,11107
Queens,11108
Queens,11109
Queens,11120
Queens,11121
Queens,11122
Queens,11123
Queens,11124
Queens,11125
Queens,11126
Queens,11127
Queens,11128
Queens,11129
Queens,11130
Queens,11131
Queens,11132
Queens,11133
Queens,11134
Queens,11135
Queens,11136
Queens,11137
Queens,11138
Queens,11139
Queens,11140
Queens,11141
Queens,11142
Queens,11143
Queens,11144
Queens,11145
Queens,11146
Queens,11147
Queens,11148
Queens,11149
Queens,11150
Queens,11151
Queens,11152
Queens,11153
Queens,11154
Queens,11155
Queens,11156
Queens,11157
Queens,11158
Queens,11159
Queens,11160
Queens,11161
Queens,11162
Queens,11163
Queens,11164
Queens,11165
Queens,11166
Queens,11167
Queens,11168
Queens,11169
Queens,11170
Queens,11171
Queens,11172
Queens,11173
Queens,11174
Queens,11175
Queens,11176
Queens,11177
Queens,11178
Queens,11179
Queens,11180
Queens,11181
Queens,11182
Queens,11183
Queens,11184
Queens,11185
Queens,11186
Queens,11187
Queens,11188
Queens,11189
Queens,11190
Queens,11191
Queens,11192
Queens,11193
Queens,11194
Queens,11195
Queens,11196
Queens,11197
Queens,11198
Queens,11199
Queens,11371
Queens,11376
Queens,11380
Queens,11381
Queens,11382
Queens,11383
Queens,11384
Queens,11386
Queens,11387
Queens,11388
Queens,11389
Queens,11390
Queens,11391
Queens,11392
Queens,11393
Queens,11394
Queens,11395
Queens,11396
Queens,11397
Queens,11398
Queens,11399
Queens,11430
Queens,11431
Queens,11437
Queens,11438
Queens,11439
Queens,11440
Queens,11441
Queens,11442
Queens,11443
Queens,11444
Queens,11445
Queens,11446
Queens,11447
Queens,11448
Queens,11449
Queens,11450
Queens,11451
Queens,11452
Queens,11453
Queens,11454
Queens,11455
Queens,11456
Queens,11457
Queens,11458
Queens,11459
Queens,11460
Queens,11461
Queens,11462
Queens,11463
Queens,11464
Queens,11465
Queens,11466
Queens,11467
Queens,11468
Queens,11469
Queens,11470
Queens,11471
Queens,11472
Queens,11473
Queens,11474
Queens,11475
Queens,11476
Queens,11477
Queens,11478
Queens,11479
Queens,11480
Queens,11481
Queens,11482
Queens,11483
Queens,11484
Queens,11485
Queens,11486
Queens,11487
Queens,11488
Queens,11489
Queens,11490
Queens,11491
Queens,11492
Queens,11493
Queens,11494
Queens,11495
Queens,11496
Queens,11497
Queens,11498
Queens,11499
Queens,11690
Queens,11696
Queens,11699
Staten Island,10302
Staten Island,10303
Staten Island,10310
Staten Island,10306
Staten Island,10307
Staten Island,10308
Staten Island,10309
Staten Island,10312
Staten Island,10301
Staten Island,10304
Staten Island,10305
Staten Island,10314
Staten Island,10311
Staten Island,10313
